temp,atemp,hum,windspeed(mph),windspeed(ms),cnt
9.591402,13.727171,86.9479,6.073929,2.006151,553
0.375161,18.48931,54.9155,13.741765,10.261066,1529
4.12544,5.266805,42.4685,21.773493,3.813179,1331
3.348161,12.535933,57.0812,11.811855,3.174406,3041
11.047068,13.426125,88.3692,20.380113,8.452439,2314
10.150492,10.851064,79.5985,24.097168,10.269027,1423
13.382694,3.642363,88.6782,12.934061,9.598557,3095
1.304082,8.263299,58.1987,20.471098,4.912299,3386
6.328827,7.999551,93.4234,5.592513,2.197216,3406
0.446958,14.062403,64.7722,10.466541,7.279483,3152
3.27957,17.439196,64.8514,24.851718,10.255017,2006
7.580329,7.936466,90.4586,14.812069,8.969298,2910
0.39804,14.486126,66.1566,12.116224,9.618328,2738
2.982565,7.18792,83.0689,23.822857,9.746025,2971
9.748267,19.013484,78.6249,13.636959,10.645029,1304
8.174122,16.644189,39.7356,18.593897,5.362317,3469
3.306609,11.901739,71.1472,18.213438,10.477309,1292
8.838985,10.186866,84.3405,6.713882,5.56036,1704
12.141457,7.661309,67.7285,17.372318,2.90929,2338
0.097481,7.818928,54.2727,20.961103,4.715886,1226
12.087289,19.463325,39.8041,19.262171,3.228065,3296
10.472091,9.275151,74.6552,6.64076,3.417535,805
5.103758,11.262733,53.3898,8.084419,10.538242,1265
2.332192,19.786146,71.1573,19.233543,9.126583,1211
14.358196,13.837887,60.567,17.678018,10.645959,2604
5.048918,11.766685,76.3859,19.793106,7.842622,988
1.391188,9.438456,56.0928,11.333565,3.567824,2045
1.450746,5.376486,37.5413,7.131018,10.718686,666
12.712415,8.512028,87.2022,5.103904,8.242044,2255
9.05589,15.615977,56.1536,11.165349,10.359607,1643
12.106924,13.257357,94.889,12.19835,9.082926,2779
10.945977,15.67983,51.4733,10.395329,4.009135,1582
8.043421,5.664048,93.8016,7.65014,7.300551,1032
14.596736,11.885954,91.8743,8.747836,3.578165,1159
5.678016,18.69811,39.5025,13.976874,4.761409,2892
8.280609,9.88609,73.2508,16.0948,8.196486,1544
12.44107,14.568501,56.7987,13.160884,3.146135,523
9.277796,4.18567,83.0658,5.525238,8.559479,1853
12.925604,19.516643,75.7646,12.078286,10.539093,2410
8.660282,12.95969,92.1674,6.861285,10.538283,3406
10.568578,6.307354,43.5668,16.960876,5.524413,1134
0.687366,4.850807,71.4544,11.488607,10.948548,663
3.418474,11.915102,81.8787,12.704758,10.686655,1129
4.340819,11.940525,37.0879,10.836947,2.291445,1821
1.19688,3.677766,39.034,12.755991,7.421498,2944
3.491863,19.860629,81.7109,6.69399,10.289344,708
1.515021,18.432738,56.9797,23.022721,10.707785,3061
4.169604,10.306062,57.9713,23.104151,3.988057,3021
9.535267,4.114391,69.0347,24.563461,7.089952,3211
5.472483,16.978577,71.3057,16.439209,10.43019,1733
5.552715,10.970759,75.7437,8.391658,3.26579,2509
3.142605,14.89886,91.9294,12.61464,8.70809,2845
4.004667,11.159696,57.3208,7.776801,4.141963,2753
14.049819,6.921648,80.7851,11.022625,10.841417,1966
9.720531,17.025031,69.4353,14.862479,3.510987,798
9.136965,19.644403,66.7676,6.265343,9.967882,3398
2.56708,6.387156,58.882,13.693525,2.798534,1801
10.936902,11.922771,73.9736,13.422047,8.380692,2652
2.451037,8.904548,49.9767,14.684626,7.751924,1400
5.691832,18.593627,41.8069,6.538427,9.979882,1253
14.84285,11.148336,79.1405,10.033995,6.019669,2632
9.599996,17.827873,64.9426,9.931801,4.386912,779
8.354246,17.552485,58.2192,17.500674,4.245868,2569
10.269214,6.972453,68.7004,16.876128,2.610153,1152
12.642779,16.220111,50.7066,8.910964,4.309921,2203
11.639999,9.468964,50.6174,7.139447,2.972311,2724
3.435721,18.816471,61.7764,11.09316,2.01153,2699
0.481504,11.139278,94.7819,23.976469,5.473434,2152
4.731796,16.769891,52.1346,11.644344,8.59326,876
4.016113,7.091102,89.9887,17.403844,10.721916,1931
3.164743,7.374005,64.472,21.081529,9.960968,1406
14.143646,12.564879,42.3582,11.590834,6.437738,1373
13.145514,19.980242,86.1696,11.694724,5.408413,3217
4.720168,10.813526,62.1226,21.309509,6.914216,1859
9.83158,4.674718,88.9207,22.190169,2.912857,1856
5.934479,11.69445,61.7067,24.484508,6.315403,1977
13.718214,8.212231,40.2674,7.722489,9.776456,1702
6.882778,11.934514,75.9158,11.413303,7.858726,1394
3.973202,11.781741,85.7313,23.945578,8.184444,3032
3.699413,10.196203,54.1753,9.01703,3.463909,2672
8.420522,7.791992,55.8455,11.283666,2.663385,2445
3.941124,5.395743,38.8963,24.291492,9.611862,2799
8.76879,14.554972,67.5303,24.374504,4.654178,3159
13.467343,12.292358,88.4799,10.828963,4.868452,536
5.991008,6.204124,86.0817,18.899155,10.564959,969
3.289811,15.959801,77.7085,14.820146,2.667804,3239
14.963064,2.785651,90.6395,16.517586,3.530947,1917
7.642894,15.404693,73.262,9.848486,5.379121,2325
1.363641,14.694102,82.6218,12.521106,8.587866,1484
0.706746,16.60536,65.5253,21.32989,6.923416,3130
1.644737,8.949418,42.2817,12.858703,10.083118,3013
9.411691,13.946399,47.0588,7.277756,2.837942,3044
11.88119,16.773456,43.3326,16.27701,7.346275,1498
6.3324,19.654726,82.4224,16.844541,7.522803,663
0.952916,10.915916,36.577,15.912582,6.344631,3295
5.724289,2.666353,68.2413,18.634253,2.278939,1814
14.941821,11.041241,57.1347,16.001983,10.48198,2062
7.936715,12.623248,83.2197,24.060092,3.484975,964
14.566176,17.654606,68.0988,14.232444,10.007779,2080
12.911696,17.735427,71.7169,19.167341,3.413934,1550
0.172215,9.925512,40.1729,13.769099,2.91132,2712
10.810827,11.46712,53.5574,10.826624,3.849954,3465
10.225656,10.224705,94.9757,18.856706,3.709858,1658
8.054555,15.003989,78.1322,21.379311,8.27477,601
4.002378,9.379615,66.5417,20.913137,8.498343,2617
9.614427,13.786064,81.1499,13.182832,8.569766,2035
1.673283,4.778502,84.4004,14.986064,4.387383,2606
6.521479,10.450831,39.425,17.666721,4.533708,2583
6.805856,19.445665,93.3428,9.840423,4.137935,2325
14.307239,8.094102,73.5403,18.173259,2.446719,2493
13.137794,14.468683,61.9985,19.304728,7.145928,679
3.950836,13.69706,75.8065,20.781535,9.558691,1714
7.508792,17.331775,55.6709,6.479303,3.382309,3168
2.679778,17.342144,87.6776,24.814012,5.24746,1288
13.689418,17.468159,81.8158,14.584694,5.848454,1812
13.057779,8.840169,73.3876,13.016102,4.650945,2604
4.476672,7.699901,45.9178,15.132253,7.958182,837
9.584242,14.936914,92.9759,23.407844,7.40194,893
9.134553,15.669233,60.9571,18.834177,3.797073,1185
2.292589,17.702894,89.6427,15.872904,2.231621,2703
11.437662,2.646184,38.3248,20.814418,3.53749,2684
8.090685,3.231573,42.4497,12.19059,4.626303,530
11.679397,13.360898,44.1809,22.91003,2.737425,3067
7.955305,18.576724,44.8794,15.73812,9.593922,768
0.008578,19.953667,54.3596,17.763607,4.775181,1363
4.862341,15.441795,77.5599,6.699639,5.577206,3245
0.292151,9.811486,55.7614,20.379081,6.401871,3078
13.936479,3.771976,91.4542,18.152033,7.94936,1373
13.180828,13.407461,88.6956,12.100176,2.820232,3307
12.474983,17.706426,85.756,17.939997,6.897134,2237
4.612712,9.986214,50.0363,5.885934,3.663931,925
0.868877,14.492021,73.1034,24.672164,9.969434,1342
13.170144,18.261633,68.0505,18.549438,5.324615,2702
14.204242,2.827837,42.5102,12.992355,6.011977,3378
1.284802,16.330582,53.1695,20.053656,4.369664,2282
7.289857,7.28062,67.0087,24.314336,6.185522,3148
1.038188,8.74714,65.1544,13.609111,4.036181,795
11.409032,4.620256,45.1182,5.210955,4.417058,3310
11.487516,11.560994,91.4964,10.174767,2.554754,1129
1.925872,12.186705,44.2517,15.213525,8.770116,597
7.129236,16.265351,74.524,15.375955,8.007216,2380
8.247054,5.059706,78.238,16.610366,2.771366,3436
3.975849,3.42143,71.3083,16.504708,5.094122,1858
13.086496,17.675113,85.5518,13.915571,6.873041,655
6.347069,13.154787,68.8171,12.822683,10.73635,858
3.176973,6.334936,84.5142,20.446845,7.307538,800
8.089441,18.430922,36.7024,16.771799,6.982417,722
10.948966,4.576119,37.7277,15.009316,9.567174,1229
3.017266,10.300698,73.4872,11.899348,9.365647,1531
4.675744,6.571592,69.6063,5.491253,5.767689,2785
14.92724,6.595881,74.0678,7.090987,6.81963,788
9.748171,2.169154,81.0175,13.319509,9.802046,2855
6.571501,16.483395,59.9952,24.234557,6.273419,1432
7.763638,18.22177,73.3395,7.321387,9.934885,1559
1.815063,14.196996,64.8823,23.813523,6.286361,2169
3.37046,4.843561,72.6298,7.833504,2.710595,2089
5.071283,9.951136,52.3803,11.237807,10.124995,2347
8.824631,8.220181,92.399,14.106653,8.428751,3081
3.451721,12.576291,63.9767,9.137347,6.518913,2156
3.303261,13.500897,83.2813,14.65852,10.104096,2273
1.064896,9.637561,76.0995,14.523251,9.204053,1795
9.466544,6.501768,52.846,13.763319,8.097814,569
3.434127,17.215471,39.3784,18.935265,7.582458,2095
13.5813,5.585906,38.5948,11.378189,3.082537,3257
12.894531,8.924478,61.3763,11.005282,8.814699,984
1.06286,10.697745,64.0551,21.203719,3.555911,2690
3.57007,6.269703,47.2414,7.301705,10.859312,524
10.034667,12.294608,71.3996,21.9836,10.749484,3127
3.213552,12.346615,53.7549,17.959398,9.276146,3450
1.984678,19.868457,78.1018,18.542787,3.135674,3032
14.032714,7.314154,79.052,8.287082,5.810374,759
8.565646,19.603001,86.6466,24.678009,10.894519,2898
7.090065,13.848137,93.5224,9.878259,5.918539,686
11.769291,6.940647,42.846,8.489065,10.975423,3370
12.112455,12.186722,57.2324,8.202714,7.645036,797
2.856149,14.344391,68.6991,16.196979,9.506973,1965
1.453962,15.404039,54.147,24.169252,4.320977,2559
6.465768,2.882797,62.9884,9.637111,10.19724,934
6.353679,12.915317,51.0483,13.100949,10.227565,1687
7.00537,10.941091,49.8751,8.689036,2.603108,3309
10.936138,18.274795,40.8087,17.809578,5.492892,1734
10.100468,7.151495,52.4127,13.642689,5.576195,2984
14.762478,16.379482,58.049,5.583845,4.935141,854
1.476268,12.92717,71.9226,17.282139,4.485807,1653
6.039319,8.341777,49.8962,8.946489,6.123415,2292
5.089539,13.459122,86.9185,16.844063,9.861196,2062
12.925088,13.176041,44.582,12.776716,9.078956,2118
3.729845,14.19976,54.6461,19.094712,7.607521,3206
2.853134,14.976711,69.6612,9.11569,6.703058,626
6.729203,13.865268,53.7629,20.04651,5.776345,2441
6.328225,17.090068,80.7873,21.174596,5.729982,1140
4.178177,13.308466,64.8959,6.251275,3.333798,2685
3.747097,18.261267,65.8835,7.035041,7.291407,1400
13.848984,13.634131,64.9256,22.439587,8.825396,1058
6.646961,7.560792,53.5124,8.739197,10.45685,2101
12.920237,9.934817,36.3906,11.519698,10.324354,2735
8.25488,12.432328,91.714,14.151008,7.064154,1708
0.758825,15.182476,65.3267,10.247068,2.908914,3097
14.989237,3.622401,93.0012,22.252731,4.574836,1090
12.540414,7.311988,47.9087,15.5543,6.820701,1720
14.534944,15.454656,56.1737,17.782172,5.094823,3274
13.895505,5.161521,38.0324,16.939417,5.69801,3487
12.730436,4.378876,64.6937,17.226168,5.447391,3153
2.494667,11.70934,87.9404,16.740094,6.370263,2028
7.284617,19.486812,74.2556,11.958493,7.480659,545
3.206209,11.555343,63.2352,21.910356,2.337191,2767
6.015604,18.442766,67.2014,17.347254,4.478727,2773
0.879531,16.948507,85.8303,21.274765,3.294674,1079
5.684597,6.625462,60.8557,19.119767,7.477897,1004
14.779633,16.844417,87.9473,10.948897,8.242951,671
3.978046,10.673261,78.6505,17.28969,2.349043,520
11.761059,16.516793,80.8314,6.695039,10.006168,2845
6.825126,15.438068,56.9562,7.678955,4.983447,2943
6.345112,8.096875,59.0349,7.357233,4.138214,2114
14.359765,4.073055,69.2169,11.1076,8.711748,2700
14.93134,19.332079,46.6793,8.66089,10.287515,2742
8.336525,4.533626,68.1934,18.868731,10.073282,848
10.776124,19.397004,39.4119,15.216497,2.182096,1748
2.321952,17.482531,65.2553,13.364782,9.356473,1360
4.450617,15.035901,80.8642,7.757346,4.727495,3473
14.53064,19.63896,51.7832,12.674199,4.52312,1908
8.687704,19.410855,94.3454,8.715074,6.424573,1367
8.132928,16.482578,75.8239,17.710033,8.265646,2190
11.219633,8.583951,42.1287,18.868659,2.883957,3145
0.857479,16.232275,93.505,17.905202,9.8201,2599
8.762664,2.250536,58.6342,24.997991,3.20947,1083
7.542756,11.658302,82.6938,16.098252,10.767975,1159
12.790798,10.186148,55.3451,14.792841,5.987996,1253
2.361491,14.110911,91.3369,7.805931,9.43241,1404
14.411684,14.102134,80.2979,11.2916,4.42478,3026
1.201672,12.522082,46.9435,14.020019,5.750955,1535
2.787374,16.803511,65.5474,6.072225,7.809993,1295
8.925527,18.925254,65.0047,12.180783,3.691421,969
10.128188,3.95023,37.7182,5.191669,3.902515,1242
3.528058,6.208794,43.2222,7.730694,9.415725,3248
1.798299,2.450444,54.9824,21.304319,8.668503,2823
13.35431,17.916227,63.4246,24.276582,8.83544,722
3.69323,12.105333,62.4193,15.10876,9.804701,2748
8.917787,18.474606,71.3756,14.899397,9.389157,2389
9.290723,5.98461,65.9303,18.693933,6.637427,3140
6.288374,3.137907,54.678,13.312609,3.430752,2751
8.755084,16.829396,71.7841,21.797836,4.800108,799
7.841741,18.368977,44.7501,14.77399,6.561157,1690
14.020594,7.439423,94.4369,6.653413,3.220848,3251
3.063888,9.349325,79.3592,5.617214,9.661658,775
10.742877,4.515986,52.9541,20.221132,9.913993,1526
3.580289,19.032708,55.1824,10.841798,2.260533,902
5.936788,7.478563,84.6974,10.497058,3.734871,1308
10.075353,10.867243,66.9404,15.752172,9.496369,3472
4.499956,3.749456,77.5244,8.36418,9.53279,2878
4.742658,17.970668,52.9874,14.146428,4.245412,2495
11.277967,4.441953,83.9449,19.850365,6.108038,1855
1.088147,10.165588,57.1015,20.318391,10.26228,1962
6.874283,14.068752,75.4284,15.994524,8.341706,1025
14.976817,15.376522,93.7939,7.26422,4.465797,3249
14.941447,19.027534,70.0221,7.284133,9.411557,3184
1.098911,9.544282,82.8053,20.502261,6.546137,1460
3.197315,15.360842,78.5195,21.465656,7.718688,909
3.978006,4.781412,76.2826,12.337235,3.114856,1667
13.998891,9.467921,36.5988,21.452219,2.275069,3037
13.212963,3.782389,63.4754,5.83221,5.352201,785
13.189054,10.808247,93.0242,19.379605,7.346392,1292
5.542906,9.346086,81.9742,15.927065,3.598253,1801
2.366202,19.127387,81.5697,24.795515,9.834327,2490
12.506174,2.588893,69.6581,7.048329,7.281922,2345
10.553099,8.669539,78.284,21.601414,5.147839,1844
9.175166,9.980896,70.0114,20.02691,3.471623,3024
14.808496,19.109993,45.2307,10.954179,10.050427,3200
9.809645,17.398103,72.7415,24.986253,8.74065,1752
0.117347,3.788383,72.1841,13.994647,8.199655,3340
12.256562,14.342245,85.47,11.97154,4.565624,2892
4.490681,11.800386,43.8665,21.334572,5.479091,1124
9.950831,19.601166,75.8436,13.781398,3.466167,2816
14.08395,8.456129,36.8942,24.879154,7.150323,2821
2.014367,9.166514,91.8923,20.512633,10.684258,1992
1.73143,5.416554,41.5937,9.738921,9.714001,1795
1.60554,4.198875,36.1362,21.214054,7.826419,2254
8.298355,17.264597,53.8215,16.758478,8.099257,1190
4.085223,10.184913,44.0859,12.012617,4.421752,519
9.072447,13.929837,76.43,19.215079,5.685565,1782
10.764183,13.55068,59.6226,17.655413,2.180471,1508
3.05396,12.748627,81.4983,8.319632,9.022733,1407
9.513569,2.384434,90.2313,7.784699,8.908155,3417
3.959759,16.162303,87.3691,9.132393,2.080082,3124
7.327978,6.38424,79.1502,9.138854,10.203639,2286
13.580047,4.26663,38.7369,6.187157,7.826344,1633
12.691556,12.162404,43.2849,12.01631,7.410278,1972
1.384477,3.234983,47.4405,10.6217,2.076174,1050
6.353637,15.772833,54.503,15.775371,4.271514,3283
4.150203,5.728833,74.7336,11.473072,9.24577,1858
0.053185,5.887124,66.5286,19.081075,4.749137,2465
11.566788,17.654518,53.8252,10.786665,10.70322,2395
9.556701,7.914072,45.3909,10.346861,7.784663,2324
3.929329,4.655975,89.7274,22.160337,5.814261,1969
11.118464,18.209559,55.5396,24.709766,5.388279,1751
8.275206,2.05104,56.2572,18.585986,5.138383,2494
6.415304,17.45131,81.3194,6.904503,4.267988,2759
0.145045,4.604384,78.2555,24.25544,6.200282,945
1.128658,4.339858,73.5985,20.713821,8.094765,1219
13.246596,6.511776,76.5988,23.375374,9.418797,3144
13.558929,5.140948,71.6046,24.849725,5.574373,2984
8.183854,13.899038,46.5359,22.340952,2.920809,835
12.518925,2.464043,49.7911,7.537763,6.603623,1649
8.737643,2.267486,68.4852,22.321576,7.961199,1073
2.221407,16.219724,48.492,9.993545,9.589556,2706
1.911683,6.282769,93.3746,19.227897,5.368068,1304
4.623875,7.827886,52.8569,21.569636,7.826079,1578
13.484722,5.136432,52.3402,20.229472,7.481451,3066
11.941835,2.943182,47.4367,18.524691,4.686283,813
12.910539,15.350925,77.2993,14.789175,2.972941,3479
13.48387,11.469539,54.0224,16.548511,2.574533,808
3.151148,15.421975,55.9282,10.374343,10.895249,576
3.742946,10.572427,91.022,13.284502,7.765353,2577
1.541904,16.004307,82.7243,14.039834,9.753424,3087
11.701744,11.238283,51.4075,17.672555,4.350322,627
13.262021,3.962972,42.3124,22.602502,8.399844,2883
6.095661,11.069096,75.5973,6.861896,10.031364,2871
9.309923,19.017482,57.7817,15.312269,4.68912,2159
2.3183,2.780571,93.8096,10.564514,3.349364,2916
13.948215,16.098086,84.1026,23.726722,8.889269,1371
12.969085,17.605656,92.2765,12.381423,10.097183,650
14.64309,11.386122,83.277,24.005082,9.248868,2759
12.161576,10.244765,52.4272,11.545786,9.221274,1567
13.221243,19.352471,52.2578,5.049462,7.4003,2726
0.371795,3.094857,77.8485,20.482706,7.944773,2710
11.048467,10.621674,55.7818,19.654481,8.126802,2433
4.982782,9.229111,61.5426,19.618639,8.491549,3178
13.962238,14.349755,50.3866,14.168985,7.898605,1108
12.033527,10.824839,63.7448,18.282876,10.977222,1998
12.96096,18.374615,47.1241,12.164455,4.334836,2107
12.16124,3.322833,67.3147,6.266614,5.767091,1414
4.002086,3.454229,90.9814,15.688489,5.494474,2915
11.810618,12.949354,76.7703,9.356599,2.317871,1691
1.621434,3.18228,43.2364,13.592862,8.372621,1048
13.082502,6.950288,71.9406,9.237029,7.148382,2403
12.878899,13.395381,70.2098,10.370737,3.709236,2552
3.336506,11.870416,49.5475,21.566872,8.538949,2590
12.248799,7.853338,75.19,11.755103,4.001269,870
6.904549,19.9033,66.8625,16.558673,6.811716,2125
4.577863,11.550023,73.2767,16.322842,9.064073,1990
11.930182,10.166878,38.1495,14.706758,10.158739,2556
3.413932,12.897682,59.7981,11.874792,8.046816,543
0.354967,3.785212,78.0415,18.651039,6.565834,3214
2.896947,14.63203,41.0327,5.968185,9.608773,1478
4.923929,17.350269,81.246,6.991495,9.565748,3015
12.965294,13.7165,35.3109,20.677795,9.888453,3302
14.503337,15.841329,68.0212,14.191635,3.630223,1179
4.186875,14.975118,90.746,7.484744,2.878428,2605
9.622226,5.870415,59.4144,22.153032,3.151497,1074
5.995176,10.127988,91.1019,13.825719,4.327867,2327
14.717245,6.112884,87.704,5.013519,9.275095,1152
8.043236,8.100769,63.6469,24.160635,8.866264,1233
14.088557,10.16298,46.9674,9.046364,3.647615,2819
1.730126,9.487814,92.8348,18.771838,8.117411,2817
14.556009,3.711545,54.2701,7.638262,5.020692,3200
2.678517,9.681752,73.7539,17.999944,2.803698,1098
14.438015,13.971942,89.4762,8.179549,5.197551,3498
3.981995,8.737418,40.3676,23.654511,8.697889,2480
1.626038,4.747501,69.448,10.480389,4.763767,1969
6.518456,18.613731,67.1091,18.091759,9.092814,665
10.928176,3.2084,78.3871,10.007786,4.981854,1396
4.70516,16.971894,91.2002,12.436875,4.345033,2497
9.093133,3.678142,89.7938,23.076005,4.64646,1449
7.671346,3.73816,45.5039,8.310502,9.660925,757
5.777932,15.298328,87.9347,12.926831,6.234829,1582
8.648821,16.611847,45.5473,11.110185,9.79754,2013
3.820838,12.014673,90.1781,18.988827,7.252172,1458
10.631779,12.556371,94.8303,9.682877,10.498709,675
0.025369,12.108555,58.8197,18.109705,2.640942,3238
13.883627,7.933628,64.723,19.073961,10.004835,1346
8.07678,4.200163,91.1965,5.021726,6.504296,2621
10.79145,8.364765,92.7279,14.536134,9.80748,1979
11.129251,13.976129,90.5624,7.653996,5.435023,2089
10.059428,15.505117,87.6046,9.523817,4.685202,2423
5.463322,17.625659,35.556,18.599655,2.486558,2362
1.049607,14.979092,69.0777,5.185739,9.688158,690
9.963565,19.431175,41.438,18.911942,3.236287,663
4.953001,12.807382,93.9796,21.342181,3.802669,3156
4.708735,8.329631,52.0737,24.763098,5.682727,1827
12.720229,12.402533,94.346,13.446279,7.124632,922
10.796314,5.829299,67.598,7.643503,10.159588,3382
4.504834,13.821253,64.6347,6.416566,6.118143,2635
4.63927,6.036408,91.3136,12.661399,4.847451,3095
6.125894,3.947931,86.0636,19.615268,8.441016,1620
6.036006,17.216722,63.0812,7.048543,9.010471,1578
4.434828,8.616099,46.5687,11.26703,6.388228,2870
1.909317,15.726901,41.7588,22.61978,7.679295,2729
6.306695,12.3338,44.7497,7.742586,3.591418,2835
14.105455,16.529985,62.5349,20.46921,7.710491,1212
10.159769,17.212793,50.4359,20.063156,2.042422,2042
13.542083,19.541839,46.1719,7.662925,4.461751,3177
9.232724,16.731683,79.1971,24.858803,8.85074,2050
4.514248,13.044319,82.4461,7.857061,3.517452,1996
8.219058,13.568585,69.0669,15.610166,8.880354,2907
0.006089,2.472569,80.437,5.169495,6.406194,3176
4.303706,18.723517,45.5297,18.000404,8.872123,818
6.448322,16.930294,86.3688,13.801988,2.792372,2616
8.699772,6.814059,88.8226,19.448641,7.530318,1530
9.820584,5.247489,84.6194,17.561601,7.701388,2041
6.974823,14.648578,65.9168,8.027483,5.630541,1412
6.632397,7.561724,40.2043,13.234198,10.687951,2615
3.205521,8.116844,75.1554,18.731323,5.449848,2162
7.097793,2.109904,46.0869,22.19925,2.339528,1945
13.517712,17.657529,43.4367,6.733761,3.794728,1913
11.940371,12.19378,54.4161,7.009302,5.357913,2494
2.545371,9.214118,49.8828,20.048913,2.126694,2474
1.271933,4.553744,50.6471,16.791478,4.899918,2974
7.73178,13.397096,49.1313,12.680638,9.499058,527
9.494113,2.551828,80.2254,24.264974,3.71519,2555
5.027824,15.430012,92.2421,11.290073,8.090733,1069
12.276352,5.872392,53.1168,7.796604,7.640182,2301
11.267072,9.556985,78.373,10.539353,4.239408,1178
10.091935,8.136128,35.6861,6.684974,8.241723,1442
3.36961,8.660956,74.221,16.067933,5.099148,815
2.986949,14.988727,76.5661,17.000157,3.160377,2607
0.366381,15.983041,38.7275,17.151862,5.451954,3135
3.672638,12.216684,42.0935,20.579393,7.298036,1650
7.127045,3.529227,53.4084,18.809522,3.503182,1366
12.746065,2.946959,59.325,21.957842,9.414594,1115
1.092423,4.833378,65.1512,18.168107,4.68382,1265
6.216615,13.121087,88.7071,11.032987,4.61745,1144
9.446481,14.131437,77.2134,15.354983,8.550487,1983
2.916529,6.897851,53.6587,15.190451,7.367329,2965
10.445314,13.914896,42.0449,19.956873,5.040516,3438
7.415658,10.741911,89.9678,10.910841,9.991766,984
3.659767,9.956795,52.7023,6.091383,10.959252,3207
9.84087,6.917003,71.8775,22.958251,5.084596,1443
0.083172,15.588977,48.1477,24.09343,10.112454,2198
11.264467,4.048715,43.0141,14.897754,5.233258,1852
11.550693,9.738445,44.1911,7.254873,3.695834,3450
1.598809,7.098436,79.8641,14.991651,10.532759,964
6.377193,14.212753,71.3443,16.878595,10.263849,2472
2.6383,10.75939,59.9507,15.56573,5.630525,3265
14.369491,14.008386,67.9541,24.553939,4.055765,2461
7.769366,2.817513,63.2497,24.737651,8.544519,2462
0.753276,9.114741,67.2511,23.678488,3.180852,1363
3.737974,12.787849,74.8457,7.639658,8.60669,2919
12.725045,2.138368,48.1047,22.21628,7.307236,1160
6.846927,7.425549,49.8479,16.367608,3.520863,3151
12.021249,5.802212,80.2844,12.308249,5.299323,2183
10.013666,4.470226,87.3881,18.658841,7.854863,591
14.818387,6.599351,39.9122,20.254519,2.336271,1498
8.931785,7.906202,61.8049,24.08906,9.888897,676
14.250594,2.139138,77.226,20.407341,4.302103,1023
13.371389,15.446254,39.6862,5.333788,6.812601,2849
9.189785,5.162506,68.8501,6.350651,2.437283,2926
10.789109,8.843734,38.7055,10.243706,10.952122,1159
7.571672,14.666083,67.859,5.796537,7.957729,1051
12.458538,11.004722,65.3292,6.209377,7.882109,3078
8.218079,17.000376,69.3621,20.7858,2.177676,2599
13.458122,16.511603,43.9911,15.132212,8.207748,660
11.154832,3.297359,54.6871,17.571414,5.75098,2844
7.120117,17.511759,66.2205,15.020979,5.422284,1101
3.887873,2.761441,41.9744,13.30864,6.925541,729
3.708596,2.337348,47.3241,19.036213,6.269567,1181
9.564922,18.580924,69.9889,6.648556,3.378144,1557
11.487205,17.51798,40.4565,15.731296,8.256728,1237
7.819497,12.363665,65.6225,17.320941,7.672802,2616
9.401227,12.321194,83.5215,10.549355,4.710048,2160
4.118962,14.770981,62.2059,11.198138,7.954981,2954
1.16225,9.518491,65.7949,15.226094,7.962347,2808
4.285922,4.073121,62.4079,9.06395,4.429794,3111
4.075727,2.375418,38.4642,21.161202,7.450709,576
4.795644,7.845827,62.7427,15.727803,3.234472,3447
8.102283,16.423799,83.4149,12.81463,9.475874,3481
2.075611,13.126255,78.3968,17.685885,2.944228,3210
3.468922,16.976466,58.7569,21.690529,8.468896,1661
10.409247,18.555856,83.9872,18.621114,3.059611,851
10.596287,3.586338,79.7483,6.322302,3.026113,1387
0.963433,17.200718,69.6987,18.973518,2.956373,2339
6.113991,6.379697,37.7174,19.599168,3.78782,2984
8.139167,12.599683,55.6717,21.929362,3.797744,2430
6.236614,11.431326,38.8256,6.158119,4.366945,2472
3.102516,9.123801,94.6474,6.724256,6.708315,1198
6.302153,7.584942,91.075,13.689672,3.815059,1398
13.572577,8.111239,39.1411,14.067437,8.330931,2182
8.761191,7.995235,91.0265,17.176648,4.658161,2961
10.432845,5.026389,36.9041,11.185801,2.354651,1084
12.85098,11.188699,59.532,19.83387,6.467192,2886
11.483919,4.05248,81.1383,19.813164,3.869246,1244
5.705715,11.179137,80.9497,7.38886,10.398119,3052
0.088441,18.306609,93.7,19.158012,4.975433,3201
5.276382,8.288755,73.7528,19.029992,2.024642,2592
11.302127,15.092824,60.2217,8.276653,8.044698,1583
12.801719,16.741075,94.5714,24.060324,10.16192,1186
14.301455,16.670666,57.9488,15.460107,9.517089,3466
6.285319,6.252839,87.1772,20.659742,8.021197,3308
11.212735,4.635996,89.406,19.41531,3.3423,1903
8.191985,5.550892,57.5387,8.339259,2.810744,2357
9.048789,12.843182,75.9638,7.538612,6.605348,2943
3.30808,15.683875,74.7076,20.62248,8.512073,2919
3.291325,13.799162,67.358,10.37529,2.911614,781
6.53754,5.18863,74.212,22.728295,4.303029,1441
0.435372,15.911266,55.8662,20.428606,4.080443,2049
5.041943,10.894106,45.7084,5.587125,10.897993,2078
10.187128,15.580025,67.2355,21.142157,4.6642,1041
6.06475,15.677789,66.7306,10.439612,6.178496,944
2.475671,10.080295,78.6715,6.27744,2.89828,567
7.010852,18.634777,48.3614,19.246465,3.572316,1328
1.914417,12.160852,35.2084,16.533033,2.355001,2641
9.333854,13.43537,36.3641,6.541401,4.615105,2565
0.404497,13.241392,52.9018,14.103956,9.214365,3303
5.910304,17.556444,75.41,12.202478,4.814364,2219
8.46588,13.289913,67.6667,14.9922,8.646862,1112
0.406531,4.717233,66.916,16.337723,2.854986,2980
9.641245,3.229153,84.4016,12.353756,8.823836,894
2.035492,9.959745,49.8507,10.102322,2.413002,1226
6.925477,7.450768,55.7696,7.058098,9.667989,2449
0.75427,6.944126,51.539,16.478246,7.970195,3018
5.686558,3.011098,91.2446,19.455567,3.53461,2956
3.174904,11.132064,78.5014,9.568088,5.217747,659
4.902687,7.587341,41.7707,15.176498,5.939431,2676
11.418446,10.13445,83.5687,5.880758,7.596263,2561
5.686893,3.024021,60.1544,22.25857,9.90628,981
11.280147,16.970539,80.9632,9.891029,2.836562,881
12.478864,3.381158,88.0254,14.435292,9.334679,2475
3.784073,17.556501,35.9387,12.659589,3.645825,3200
1.228593,17.395281,47.3649,8.001693,5.606998,1033
0.290749,13.070151,41.0538,23.623202,10.660789,2971
8.091286,11.127221,37.0146,22.149704,4.446498,2708
14.998617,10.32881,70.8671,16.057296,5.471439,504
5.249405,11.977695,77.1972,23.278953,9.656044,3279
9.752161,16.25272,37.9206,19.813317,9.199092,3159
11.718496,18.125782,79.4325,13.387386,7.839618,2267
9.77632,10.095207,59.1359,11.43604,9.172186,2638
11.313498,16.576687,49.0604,13.325132,3.017509,2223
14.244176,13.733074,48.0362,19.405758,8.265529,2017
2.99041,7.787482,86.8238,10.425159,2.527818,677
0.3057,10.561323,38.3866,6.557741,10.482203,3357
2.285735,4.715499,65.2338,12.456163,3.434559,2670
1.893315,3.113727,52.3558,15.040819,5.744249,2257
10.041883,3.863034,83.9472,23.03882,7.316753,1439
8.459544,18.184283,78.891,8.586887,9.220383,2474
3.269468,8.18188,54.1342,21.08676,8.105538,2061
10.491975,14.85768,70.8751,24.628277,3.631345,1935
11.503471,11.081882,75.3519,24.081588,5.417757,2912
2.516837,5.10606,54.2399,6.378529,5.22739,3353
9.108712,6.459387,53.1059,14.301884,2.259346,2859
11.218885,9.879649,43.5956,10.646137,8.160177,900
1.717993,9.909592,74.6127,21.89693,9.546828,2242
12.289518,11.409465,48.2626,11.546018,10.761001,1048
14.470812,4.857432,53.0301,16.061828,3.175898,1542
1.621481,8.711336,38.6575,5.159383,10.283582,2454
0.385176,7.092084,91.9112,9.013423,3.016437,1452
4.679359,9.357849,87.7828,16.276135,5.701558,843
10.160209,8.090609,89.6947,11.078186,2.413751,1660
14.372593,12.761946,72.5596,17.45435,4.354516,2950
5.949817,16.206085,60.632,14.278534,4.828142,2727
10.725221,13.651496,64.7372,16.833819,8.341114,2173
1.139947,3.186413,93.3374,14.867214,8.10136,1555
10.359216,3.701107,91.4952,20.452265,8.907758,1274
9.408636,14.210828,75.2806,8.908448,7.189841,522
1.52852,7.114646,82.1483,23.008866,7.08511,3404
11.587213,15.027206,54.1241,20.209644,10.80106,529
12.754399,13.818154,59.9795,9.902537,8.028599,2867
9.006174,18.314169,43.9531,5.127558,5.044706,2640
1.815826,17.719034,57.5876,13.200722,6.707929,982
14.757665,8.000517,80.265,9.659955,8.305222,2628
11.73953,12.489311,63.4111,11.928474,2.857179,529
5.208056,4.545711,85.9605,21.79148,7.955419,2036
6.42567,8.296774,53.0442,22.543972,4.237193,3181
5.558563,19.418537,77.4546,24.019805,5.111745,1341
7.589412,14.572639,83.3466,5.029241,8.08666,3317
5.118468,9.055244,89.8845,18.146077,5.46389,1793
12.743634,12.710742,68.7432,21.98012,9.551297,2174
12.334964,18.88404,93.0672,19.544301,7.025098,1983
1.583083,7.572474,68.4372,7.07898,10.890125,936
14.411814,8.780228,43.0456,15.59629,2.491095,1133
9.533777,16.249915,49.5715,9.763352,7.790588,2245
12.43061,16.637326,47.2002,14.840578,3.412346,3168
10.60963,14.062095,73.8024,6.197902,9.63961,2897
6.532307,16.921262,90.3336,24.939185,9.66684,1538
11.00693,15.297944,85.828,19.233049,9.824741,1570
14.482106,14.33746,40.5478,6.860533,2.673787,2695
4.051236,11.47508,78.4751,23.425488,6.424832,2234
12.122988,13.628447,46.4289,22.945749,4.168026,2812
8.072594,9.621315,51.1077,15.395184,10.731305,1997
7.252463,8.512906,75.4203,19.016938,2.453156,3006
6.533617,8.526758,71.1753,12.449839,4.004359,1628
10.965393,5.244733,87.4172,24.491096,7.789856,3287
4.025933,5.855468,46.2898,6.698048,5.629493,2127
12.775697,19.058029,80.7018,6.91154,4.115,1334
12.460965,10.752877,78.4583,7.670277,6.131851,2192
1.299943,6.077775,68.531,21.399258,9.211352,2761
13.224468,4.476176,63.7637,6.49661,6.032887,2783
3.657952,3.388972,87.1684,16.356415,9.709303,2476
6.970627,17.199711,54.9779,13.699658,6.023613,1232
9.154976,3.820534,92.4212,24.284365,3.068362,2016
5.68484,15.875745,35.92,9.735435,6.47636,2790
0.4305,17.032157,91.2296,10.219819,7.880357,2772
12.764293,17.906279,92.7247,11.300178,2.92379,2481
2.727598,2.679455,42.039,21.016336,5.711047,1539
3.181798,8.061759,94.9743,19.014512,7.014179,1756
11.967485,15.793537,63.7353,19.707057,2.001527,2866
5.105083,4.358883,49.5556,11.361154,2.81806,1910
13.2048,8.780958,71.2641,10.439117,7.437829,3389
10.517756,4.92045,47.2708,6.493749,7.571595,2130
4.144029,16.964211,89.9076,9.054253,4.741382,1065
0.152267,15.879761,68.1248,20.59874,6.57504,3200
14.220939,16.562787,81.5308,16.694161,3.861661,987
1.284194,4.979705,57.8397,8.108211,8.043269,1441
10.80112,9.878121,67.019,8.2875,10.553196,2329
7.328668,9.395455,56.5556,14.321102,5.270082,3364
11.37247,14.174533,50.6937,13.130251,2.488477,1162
10.35914,6.275544,65.769,15.718491,4.006263,910
9.688543,9.995577,64.8366,24.292694,6.09014,1378
7.36232,7.128703,40.9165,9.152725,7.041358,2582
11.893993,15.473657,93.8791,11.166154,7.577822,2140
1.3958,10.080703,63.1694,10.300159,6.258203,1886
3.323946,11.612201,85.3839,7.398271,7.914505,2755
10.376807,7.570422,89.8598,8.152308,8.443222,3015
4.59309,16.55523,57.2423,18.721097,3.02621,3355
8.723334,10.442281,59.8358,21.527734,8.83388,3303
7.098907,17.032041,68.7515,18.93756,3.995724,3395
7.963829,8.621137,48.2764,5.806596,5.072214,713
6.382557,19.048343,43.7554,21.718495,9.468955,1158
11.189032,19.719916,50.6464,11.555873,10.679903,2093
4.961869,10.31024,91.0855,6.824258,4.627852,3104
10.542824,7.071891,69.7486,9.964376,6.697866,521
4.063746,8.873704,60.0547,12.114855,8.318864,873
3.771055,11.494276,44.1447,15.269194,2.412003,1095
1.809838,19.392827,54.7919,18.543668,3.477398,2431
2.888764,16.704042,57.7904,10.203336,3.264043,2958
1.793321,16.422666,85.0018,24.813532,8.451705,2283
8.037959,4.491174,64.9581,5.621642,8.494032,861
11.432844,6.500058,74.2765,13.087845,2.962654,762
2.777248,13.541223,76.0908,14.044023,7.497666,1577
3.24577,17.734105,50.4396,19.961569,3.687891,1408
7.262979,11.981733,84.2955,9.997053,10.371946,2018
10.868775,3.846615,92.9905,14.240865,5.536068,827
14.649105,17.226061,73.5017,21.077935,6.113414,2994
7.869553,17.320989,64.4357,7.795861,9.032784,654
4.244981,7.131134,45.094,5.239138,8.451091,3467
1.507892,15.736103,82.6985,21.607447,2.969892,2074
2.911764,6.910243,45.1559,24.651345,5.730233,2141
3.412247,18.295512,78.2188,7.614305,10.339639,3014
2.691623,4.652276,64.299,21.473468,9.537196,3187
0.212226,9.874506,90.014,12.444795,7.2993,2634
8.012026,19.035439,67.5282,17.605951,8.949307,1673
4.11467,5.996684,73.5086,17.8937,6.054541,3414
14.614424,10.120304,38.5239,16.646476,7.92611,2947
8.300385,8.292531,37.0294,10.176413,10.605713,735
10.461261,2.480063,85.8018,21.254942,3.211724,1217
1.894192,2.958624,91.7113,5.436004,6.489458,3122
13.026918,11.036128,75.0929,6.289441,6.773279,2524
7.36318,6.244005,80.8603,23.049922,2.437144,2298
13.090796,19.901456,59.7435,13.868626,10.417775,543
8.610963,8.748428,85.5527,7.575831,9.549345,1326
7.040954,2.507376,48.886,23.101559,6.346388,3190
6.607032,18.754866,77.4302,21.587124,6.574996,2622
2.765455,17.105173,35.5485,11.630998,10.290461,1671
0.770651,13.699292,65.344,5.853926,3.594822,1297
14.115954,16.244851,57.392,14.219898,7.206989,637
7.165938,4.476793,72.0701,8.359784,8.574452,2955
12.331735,7.163829,75.0053,16.477684,3.155436,2591
6.010612,16.935708,71.9912,21.433708,5.48665,2612
1.111233,14.529296,63.9922,12.899974,7.404914,3360
9.441686,4.498268,64.2713,5.589646,9.944263,1448
0.804136,14.699651,35.3967,18.664258,6.536991,3019
2.237964,10.074827,68.0986,8.456144,5.461964,1194
8.442594,2.094522,35.7111,9.294322,10.815507,3260
4.557533,3.426064,66.7651,8.743022,10.243192,647
14.908772,6.606631,51.4844,10.597091,8.861372,1973
1.776773,17.029336,93.6488,22.668476,4.462363,1479
11.466652,11.878476,36.0286,5.692989,10.672342,3182
9.094765,15.090226,83.7894,17.383531,10.734425,501
11.861112,11.499887,75.442,9.915696,6.075611,1144
3.385307,4.001363,83.3701,10.902103,3.200346,855
7.838588,7.185828,89.5864,13.239844,5.714709,1630
6.757717,7.420722,41.421,16.013773,8.300129,2136
6.640815,2.85949,40.7788,6.219581,8.735842,1946
12.9025,9.55686,43.9338,10.59552,4.690218,3242
14.850469,16.290184,46.5159,7.74472,8.313449,2118
4.580704,10.228045,66.5874,8.989156,9.746368,2160
9.31541,3.995442,83.9129,22.69305,8.406869,2900
9.144464,18.292644,51.0395,15.516281,10.419609,1320
11.10134,12.741303,58.8138,17.615088,7.69325,2620
14.213853,2.295836,57.3831,21.043362,3.808002,562
3.116819,11.276763,59.3616,20.896925,7.617508,3382
3.165378,6.354886,68.9001,24.788072,4.615215,781
9.906422,4.584383,94.414,20.638315,5.107642,869
2.355856,9.7263,48.5514,12.182242,8.051363,2751
2.607203,13.066572,76.0425,15.890356,10.832019,1665
1.125973,6.330156,85.872,14.69359,7.850777,3474
0.040136,9.498217,74.2241,23.25354,10.624938,2790
6.757556,13.958683,86.4931,15.047865,6.535041,2887
8.907168,3.541051,80.5752,12.767625,8.248808,1925
4.368889,19.543781,40.61,8.596317,4.901433,1923
3.472144,3.218228,57.7558,11.377551,3.038647,1632
10.604337,11.46907,68.1621,9.380404,5.17014,1426
10.544813,11.131899,38.3669,22.915296,6.323329,2983
6.81047,19.789967,35.567,20.570766,7.135744,1296
10.310774,11.974735,45.283,6.171825,8.004415,2362
13.858666,9.028167,64.9915,24.830626,5.757301,2154
11.81742,10.462431,61.0346,15.588646,8.730819,2854
9.37587,13.442074,82.0626,20.336843,9.572504,519
9.917746,19.65871,68.9514,24.992115,4.573352,1569
14.005027,6.565705,86.4776,24.479597,9.62571,1216
6.377084,2.29236,40.7217,7.002687,9.274743,2167
8.168436,16.19336,66.6896,18.137288,6.70457,2573
9.714521,8.206445,37.5531,10.33054,2.227449,936
13.626172,15.192938,47.685,21.325703,3.30794,2788
12.399467,13.308625,87.087,23.34519,8.032288,796
1.071148,15.887025,88.2533,6.118173,3.799122,2560
2.488842,15.233366,63.53,24.927841,8.751665,1705
4.614177,7.985335,37.7937,9.388232,3.448419,1892
11.234366,2.798042,39.4609,21.930102,4.57954,979
8.538106,11.828247,90.5351,20.947814,4.255049,2602
4.329159,16.64316,88.9587,12.096093,9.554436,1555
1.865305,5.151604,68.8106,21.784445,8.215354,2703
10.33017,16.024567,36.9741,21.904418,4.656265,2854
10.496005,10.363212,90.726,8.522007,8.782346,1524
14.140144,14.517007,53.8691,16.85039,2.290757,3343
7.507083,13.371245,92.6882,21.124205,9.326236,2313
7.406928,16.606958,70.2222,18.952531,2.92232,2044
1.206628,3.13581,80.1353,23.2796,9.812318,2806
0.597912,15.971427,77.7627,5.564131,8.655432,2480
6.48043,10.238232,58.8978,19.011216,9.783573,1496
4.834824,7.281966,39.6162,23.951175,8.681715,1891
3.755519,2.788513,44.747,16.27213,7.051435,2379
1.369903,5.590457,49.4283,16.262178,4.138359,3291
14.428667,2.754307,85.079,8.764673,9.058765,2387
12.539379,18.800678,58.3494,24.760124,9.189396,2903
8.627987,11.276905,88.7915,22.632527,4.588748,612
14.261794,19.804209,54.9038,14.844534,7.980442,2474
14.993586,11.774553,80.3366,11.181061,10.338363,976
10.084224,6.559648,43.397,14.808728,5.487992,1556
4.042665,15.559237,94.3087,6.805148,10.610318,776
0.603475,5.439862,78.4498,9.652467,10.782404,2067
11.344032,8.425535,65.0476,9.376179,4.813886,3095
7.057512,16.055148,93.4594,15.52897,6.969121,1402
